INSERT INTO users 
(full_name, nickname, username, email, password, avatar, bio, created_at, is_active) 
VALUES ('Eavan Kim', 'EavanK', 'eavan555', 'eavan.hsk@gmail.com', '$2b$10$R1UslIDbKmIvZ7WI66GBcukgSPo2mU3b1Y2QWFcoJDb1w8dVIamXq', 'https://disnode.s3.amazonaws.com/1643108220986', 'This is Eavan', '2021-12-28T23:21:50.702Z', false),
('Jonathan Su', 'smart lad', 'hjonsu555', 'hjonsu555@gmail.com', '$2b$10$R1UslIDbKmIvZ7WI66GBcukgSPo2mU3b1Y2QWFcoJDb1w8dVIamXq', 'https://disnode.s3.amazonaws.com/1643108137752', 'This is Jonathan', '2021-12-28T23:22:08.022Z', false),
('Adam Hirzalla', 'Learth', 'adam555', 'adam555@gmail.com', '$2b$10$R1UslIDbKmIvZ7WI66GBcukgSPo2mU3b1Y2QWFcoJDb1w8dVIamXq', 'https://disnode.s3.amazonaws.com/1643106035142', 'This is Adam', '2021-12-28T23:22:15.072Z', false),
('Jeremy Toast', 'Hidden Toast', 'htoast555', 'htoast555@gmail.com', '$2b$10$R1UslIDbKmIvZ7WI66GBcukgSPo2mU3b1Y2QWFcoJDb1w8dVIamXq', 'https://disnode.s3.amazonaws.com/1643098427774', 'This is Toast, I have IQ higher than you can count.', '2021-12-28T23:22:15.072Z', false),
('Valky Ray', 'ValkiRay', 'vray555', 'vray555@gmail.com', '$2b$10$R1UslIDbKmIvZ7WI66GBcukgSPo2mU3b1Y2QWFcoJDb1w8dVIamXq', 'https://disnode.s3.amazonaws.com/1643088553892', 'Hey, I''m ValkiRay! Add me to join my Among us lobbies!.', '2021-12-28T23:22:15.072Z', false),
('Penny Wisdom', 'VentLurker', 'vlurk555', 'vlurk555@gmail.com', '$2b$10$R1UslIDbKmIvZ7WI66GBcukgSPo2mU3b1Y2QWFcoJDb1w8dVIamXq', 'https://disnode.s3.amazonaws.com/1643088227866', 'Be careful near the vents...', '2021-12-28T23:22:15.072Z', false),
('Lily Li', 'LilyPachu', 'Lpichu555', 'Lpichu555@gmail.com', '$2b$10$R1UslIDbKmIvZ7WI66GBcukgSPo2mU3b1Y2QWFcoJDb1w8dVIamXq', 'https://disnode.s3.amazonaws.com/1643088511814', 'Join the comfy cartel!.', '2021-12-28T23:22:15.072Z', false),
('Wayne Thompson', 'W-Payne', 'wpayne555', 'wpayne555@gmail.com', '$2b$10$R1UslIDbKmIvZ7WI66GBcukgSPo2mU3b1Y2QWFcoJDb1w8dVIamXq', 'https://disnode.s3.amazonaws.com/1643088105788', 'I take the W and bring the Payne.', '2021-12-28T23:22:15.072Z', false),
('Scar ra', 'Scarro', 'scarra555', 'scarra555@gmail.com', '$2b$10$R1UslIDbKmIvZ7WI66GBcukgSPo2mU3b1Y2QWFcoJDb1w8dVIamXq', 'https://disnode.s3.amazonaws.com/1643087850729', 'I was good at league when others werent that good :D.', '2021-12-28T23:22:15.072Z', false),
('Félix Lanker', 'Xqk', 'xqk555', 'xqk555@gmail.com', '$2b$10$R1UslIDbKmIvZ7WI66GBcukgSPo2mU3b1Y2QWFcoJDb1w8dVIamXq', 'https://disnode.s3.amazonaws.com/1643087710583', 'I like cars that have big juicers, like like like they go fast, you know like, fast and furious type stuff.', '2021-12-28T23:22:15.072Z', false),
('Shogun Mogun', 'ShogunMogun', 'smogun555', 'smogun555@gmail.com', '$2b$10$R1UslIDbKmIvZ7WI66GBcukgSPo2mU3b1Y2QWFcoJDb1w8dVIamXq', 'https://disnode.s3.amazonaws.com/1643087430762', 'Red is sus...', '2021-12-28T23:22:15.072Z', false),
('Tony Sparks', 'IronMessiah', 'imthebest555', 'imthebest555@gmail.com', '$2b$10$R1UslIDbKmIvZ7WI66GBcukgSPo2mU3b1Y2QWFcoJDb1w8dVIamXq', 'https://disnode.s3.amazonaws.com/1643107050827', 'Don''t do anything I would do, and definitely don''t do anything I wouldn''t do…', '2021-12-28T23:22:15.072Z', false),
('Thor Odinnos', 'Look@hammer', 'thor555', 'thor555@gmail.com', '$2b$10$R1UslIDbKmIvZ7WI66GBcukgSPo2mU3b1Y2QWFcoJDb1w8dVIamXq', 'https://disnode.s3.amazonaws.com/1643086985858', 'Have you seen my hammer?', '2021-12-28T23:22:15.072Z', false),
('Tony Bony', 'Meliniscate', 'tbony555', 'tbony555@gmail.com', '$2b$10$R1UslIDbKmIvZ7WI66GBcukgSPo2mU3b1Y2QWFcoJDb1w8dVIamXq', 'https://disnode.s3.amazonaws.com/1643086909957', 'Got pfizer yesterday, I was not pfine, very not pfine', '2021-12-28T23:22:15.072Z', false),
('Bruce Bandana', 'Sulk', 'bbandana555', 'bbandana555@gmail.com', '$2b$10$R1UslIDbKmIvZ7WI66GBcukgSPo2mU3b1Y2QWFcoJDb1w8dVIamXq', 'https://disnode.s3.amazonaws.com/1643086813333', 'Got pfizer yesterday, I was not pfine, very not pfine', '2021-12-28T23:22:15.072Z', false),
('Natasha Ramenoff', 'DarkWindow', 'NRamen555', 'nramen555@gmail.com', '$2b$10$R1UslIDbKmIvZ7WI66GBcukgSPo2mU3b1Y2QWFcoJDb1w8dVIamXq', 'https://disnode.s3.amazonaws.com/1643108029399', 'Is there supposed to be a rope when bungee jumping? Asking for a friend.', '2021-12-28T23:22:15.072Z', false),
('Peter Gardener', 'SpiderBoy', 'pgardener555', 'pgardener555@gmail.com', '$2b$10$R1UslIDbKmIvZ7WI66GBcukgSPo2mU3b1Y2QWFcoJDb1w8dVIamXq', 'https://disnode.s3.amazonaws.com/1643106996451', 'I hate spiders!', '2021-12-28T23:22:15.072Z', false),
('Flint Baton', 'BirdClaw', 'fbaton555', 'fbaton555@gmail.com', '$2b$10$R1UslIDbKmIvZ7WI66GBcukgSPo2mU3b1Y2QWFcoJDb1w8dVIamXq', 'https://disnode.s3.amazonaws.com/1643107982913', 'You can find my archery tutorials at https://www.youtube.com/channel/UCJZ94qp4dtCw0Q5UQqAkg7w!', '2021-12-28T23:22:15.072Z', false),
('Steven Telus', 'Captin Canada', 'stelus555', 'stelus555@gmail.com', '$2b$10$R1UslIDbKmIvZ7WI66GBcukgSPo2mU3b1Y2QWFcoJDb1w8dVIamXq', 'https://disnode.s3.amazonaws.com/1643106353164', 'How about those polar bears, ey?', '2021-12-28T23:22:15.072Z', false),
('Naruto Uchiha', 'The21stHokage', 'naruto555', 'naruto555@gmail.com', 'R1UslIDbKmIvZ7WI66GBcukgSPo2mU3b1Y2QWFcoJDb1w8dVIamXq', 'https://disnode.s3.amazonaws.com/1643104196690', 'Believe it!', '2021-12-28T23:22:15.072Z', false),
('Boruto Uchiha', 'SleepyJutsu', 'boruto555', 'boruto555@gmail.com', 'R1UslIDbKmIvZ7WI66GBcukgSPo2mU3b1Y2QWFcoJDb1w8dVIamXq', 'https://disnode.s3.amazonaws.com/1643106869481', 'Believe it!', '2021-12-28T23:22:15.072Z', false),
('Edward Saijan', 'WKeyOnly', 'WkeyOnly555', 'WkeyOnly555@gmail.com', 'R1UslIDbKmIvZ7WI66GBcukgSPo2mU3b1Y2QWFcoJDb1w8dVIamXq', 'https://disnode.s3.amazonaws.com/1643108607409', 'WASD is for the weak. W ONLY!!!!', '2021-12-28T23:22:15.072Z', false),
('Larry Latham', 'TriggerSad', 'traggersad555', 'traggersad555@gmail.com', 'R1UslIDbKmIvZ7WI66GBcukgSPo2mU3b1Y2QWFcoJDb1w8dVIamXq', 'https://disnode.s3.amazonaws.com/1643108874941', 'Believe it!', '2021-12-28T23:22:15.072Z', false),
('Bob Logan', 'tapStrafer99', 'tapStrafer99555', 'tapStrafer99555@gmail.com', 'R1UslIDbKmIvZ7WI66GBcukgSPo2mU3b1Y2QWFcoJDb1w8dVIamXq', 'https://disnode.s3.amazonaws.com/1643109048620', 'Believe it!', '2021-12-28T23:22:15.072Z', false),
('Mastiff OP', 'WingmanUser', 'Wingmanuser555', 'Wingmanuser555@gmail.com', 'R1UslIDbKmIvZ7WI66GBcukgSPo2mU3b1Y2QWFcoJDb1w8dVIamXq', 'https://disnode.s3.amazonaws.com/1643109221380', 'Believe it!', '2021-12-28T23:22:15.072Z', false),
('Mastiff OP', 'jyroma', 'jyroma555', 'jyroma555@gmail.com', 'R1UslIDbKmIvZ7WI66GBcukgSPo2mU3b1Y2QWFcoJDb1w8dVIamXq', 'https://disnode.s3.amazonaws.com/1643109426609', 'apex...!', '2021-12-28T23:22:15.072Z', false),
('Mastiff OP', 'mask', 'mask555', 'mask555@gmail.com', 'R1UslIDbKmIvZ7WI66GBcukgSPo2mU3b1Y2QWFcoJDb1w8dVIamXq', 'https://disnode.s3.amazonaws.com/1643109555366', 'mask on... mask on...', '2021-12-28T23:22:15.072Z', false),
('Mastiff OP', 'littleAngelo', 'littleAngelo555', 'littleAngelo555@gmail.com', 'R1UslIDbKmIvZ7WI66GBcukgSPo2mU3b1Y2QWFcoJDb1w8dVIamXq', 'https://disnode.s3.amazonaws.com/1643109702261', 'Not big, little angelo. Catchphrase.', '2021-12-28T23:22:15.072Z', false),
('saint cyn', 'saintcyn', 'saintcyn555', 'saintcyn555@gmail.com', 'R1UslIDbKmIvZ7WI66GBcukgSPo2mU3b1Y2QWFcoJDb1w8dVIamXq', 'https://disnode.s3.amazonaws.com/1643116672916', 'Not big, little angelo. Catchphrase.', '2021-12-28T23:22:15.072Z', false);


WITH icons(icon) AS (
  VALUES ('STEAM'), ('EPIC_GAMES'), ('BLIZZARD'), ('DISCORD'), ('RIOT_GAMES'), ('ORIGIN')
)
INSERT INTO icons (name)
SELECT icon FROM icons;

WITH tags(tag) AS (
  VALUES ('FPS'), ('MOBA'), ('MMORPG'), ('RTT'), ('RPG'), ('Indie'), ('RTS')
)
INSERT INTO tags (name)
SELECT tag FROM tags;

INSERT INTO servers
(creator_id, title, logo, invite_code)
VALUES
(1, 'Marvel''s Avengers', 'https://disnode.s3.amazonaws.com/1643104752877','uWAn6xGEJYw47aO1tc0I'),
(2, 'Among Us', 'https://disnode.s3.amazonaws.com/1643102770797','yaYkXCyWdp4shDuXu0II'),
(3, 'Valorant', 'https://disnode.s3.amazonaws.com/1643104650234','PbZxWQgltGvL25VHZoAn'),
(4, 'Apex Legends', 'https://disnode.s3.amazonaws.com/1643104597812','Pz4CmYCve3DOKCiRdXkJ'),
(5, 'Dota 2', 'https://disnode.s3.amazonaws.com/1643104413736','Ldxx4zebNXfAcXxKl9s5'),
(6, 'CS:GO', 'https://disnode.s3.amazonaws.com/1643104966439','Q3iXKk96BfxlUjevUAG9'),
(7, 'Rocket League', 'https://disnode.s3.amazonaws.com/1643103892831','dna6Gq7fEJ4q32so8Frb'),
(8, 'League of Legends', 'https://disnode.s3.amazonaws.com/1643103963411','jesEgwbzeT46BCT50mvs'),
(9, 'Minecraft', 'https://disnode.s3.amazonaws.com/1643105093492','Kph6JCuJdYgKoYcFEGan'),
(10, 'Call of Duty: Warzone', 'https://disnode.s3.amazonaws.com/1643089516072','SF7aalyDSOB2Qk3Nqi4J'),
(11, 'Hearthstone', 'https://disnode.s3.amazonaws.com/1643103551903','6JZOOsCQIFNGfSry4P1I'),
(12, 'Teamfight Tactics', 'https://disnode.s3.amazonaws.com/1643104012001','2NpXZbZOz0oKBID5TKU1'),
(13, 'Twitch Friends', 'https://disnode.s3.amazonaws.com/1643104099930','wIKJR7cB4l9PGSP6P5JM'),
(14, 'MoshiMosh', 'https://disnode.s3.amazonaws.com/1643106673983','wIKJR7cB4l9PGSP6P5JM');


INSERT INTO channels (creator_id, server_id, title)
VALUES 
(19, 1, 'AvengerHub'), (19, 1, 'Classified'), (19, 1, 'Wheres Tony?'),

(1, 3, 'Welcome'), 
(5, 5, 'Welcome'),
(4, 6, 'Welcome'), 
(6, 7, 'Welcome'), 
(3, 14, 'General'), (2, 14, 'Memes Only'), (2, 14, 'Misc'),
(3, 4, 'Welcome'), (3, 4, 'General'), (2, 4, 'LFG Ranked'), (2, 4, 'Tips & Tricks'),
(3, 8, 'Welcome'), (3, 8, 'General'), (2, 8, 'How to lose 101'),
(2, 2, 'Welcome'),
(2, 9, 'Welcome'), 
(2, 10, 'Welcome'), 
(2, 11, 'Welcome'),
(4, 12, 'Welcome'),  
(5, 13, 'Welcome');

INSERT INTO members (server_id, user_id, role)
VALUES
(1, 19, 'owner'),
(1, 18, 'admin'),
(1, 17, 'user'),
(1, 16, 'user'),
(1, 15, 'user'),
(1, 14, 'user'),
(1, 13, 'user'),
(1, 12, 'user'),
(1, 11, 'user'),
(1, 2, 'user'),
(2, 2, 'owner'),
(2, 3, 'user'),
(2, 1, 'user'),
(3, 4, 'owner'),
(3, 12, 'admin'),
(3, 1, 'admin'),
(3, 14, 'user'),
(4, 22, 'owner'),
(4, 5, 'admin'),
(4, 2, 'user'),
(4, 3, 'admin'),
(4, 6, 'user'),
(4, 1, 'user'),
(4, 11, 'user'),
(4, 10, 'user'),
(4, 23, 'user'),
(4, 24, 'user'),
(4, 25, 'user'),
(4, 26, 'user'),
(4, 27, 'user'),
(4, 28, 'user'),
(5, 2, 'user'),
(6, 2, 'user'),
(6, 6, 'owner'),
(7, 3, 'owner'),
(7, 2, 'admin'),
(7, 8, 'user'),
(7, 4, 'user'),
(8, 2, 'owner'),
(8, 22, 'user'),
(8, 23, 'user'),
(8, 24, 'user'),
(8, 25, 'user'),
(8, 26, 'user'),
(8, 27, 'user'),
(9, 7, 'owner'),
(9, 2, 'user'),
(9, 8, 'user'),
(9, 6, 'user'),
(9, 5, 'user'),
(9, 10, 'user'),
(9, 3, 'user'),
(10, 2, 'owner'),
(10, 11, 'user'),
(10, 23, 'user'),
(10, 22, 'user'),
(10, 15, 'user'),
(10, 18, 'user'),
(11, 29, 'owner'),
(11, 11, 'user'),
(11, 21, 'user'),
(11, 13, 'user'),
(12, 27, 'owner'),
(13, 1, 'owner'),
(13, 4, 'admin'),
(13, 5, 'admin'),
(13, 7, 'user'),
(13, 9, 'user'),
(13, 10, 'user'),
(13, 2, 'user'),
(14, 3, 'owner'),
(14, 2, 'admin'),
(14, 29, 'admin'),
(14, 1, 'admin'),
(14, 21, 'admin'),
(14, 20, 'admin'),
(14, 18, 'user'),
(14, 12, 'user'),
(14, 6, 'user'),
(14, 4, 'user'),
(14, 5, 'user'),
(14, 7, 'user'),
(14, 8, 'user'),
(14, 9, 'user'),
(14, 10, 'user'),
(14, 19, 'user'),
(14, 17, 'user'),
(14, 16, 'user'),
(14, 15, 'user'),
(14, 14, 'user'),
(14, 13, 'user'),
(14, 12, 'user'),
(14, 11, 'user'),
(14, 24, 'user');


INSERT INTO dms (creator_id, updated_at)
VALUES 
(1, '2021-12-28T22:22:08.022Z'),
(2, '2021-12-28T22:28:08.022Z');

INSERT INTO participants (dm_id, user_id)
VALUES(1, 1), (1, 3), (1, 2), (2, 2), (2, 3);

INSERT INTO messages (sender_id, channel_id, body, sent_at)
VALUES

(22, 11, 'Welcome to the super unofficial Apex server!', '2021-12-28T23:29:38.909Z'),
(5, 11, 'Welcome everyone!', '2022-01-01T23:29:38.909Z'),
(28, 11, 'READ THE RULES: BE NICE & HAVE FUN!', '2022-01-02T23:29:38.909Z'),
(1, 12, 'Best gun in the game all the wrong answers. GO!', '2022-01-16T23:29:38.909Z'),
(5, 12, 'I peronally really enjoy the mozambique! The mozambique is the best gun due to its availability. Its just so powerful I don''t think I even need to explain further.' ,'2022-01-16T23:29:38.909Z'),
(26, 12, 'While yes the mozambique is definetly a contender for the best gun, its gotta be the p2020. The versatility of the weapon combined with the control of the semi-automatic firing system just makes it the ultimate weapon especially when concealing it while in stealth.', '2022-01-16T23:29:38.909Z'),
(27, 12, 'Ok now describe your main without saying their names', '2022-01-16T23:29:38.909Z'),
(22, 12, 'I''ll start: I''m like usain bolt and lance armstrong fused together', '2022-01-16T23:29:38.909Z'),
(2, 12, '???', '2022-01-16T23:29:38.909Z'),
(1, 12, '@WKeyOnly OCTANE!', '2022-01-16T23:29:38.909Z'),
(10, 13, 'LFG Eastern - New to the game, still learning the ropes :D', '2022-01-19T23:29:38.909Z'),
(11, 13, 'LFG West', '2022-01-20T23:29:38.909Z'),
(23, 13, 'LFG Western - I can play east tho I dont mind', '2022-01-24T23:29:38.909Z'),
(27, 13, 'LFG!', '2022-01-25T23:29:38.909Z'),
(26, 14, 'Apparently theres this mechanic where you can turn really sharp angles while jumping, anyknow know how to do it?', '2022-01-21T23:29:38.909Z'),
(24, 14, 'You mean tapstrafing? Its hard to explain, but here: 1. Perform a slide jump by pressing shift, control, and space then hold one of your strafe keys depending on which which direction you are going. 2.At the apex of the jump, flick the mouse wheel scroll up or down while holding the strafe key without moving the mouse. IF done correctly, you will see that you are pulled in that direction almost magnetically. 3. Once you do steps 1 and 2, move the mouse in the direction of the pull while spamming the mouse scroll and holding the strafe button, and voila.', '2022-01-22T23:29:38.909Z'),
(6, 14, '>_>', '2022-01-22T23:39:38.909Z'),
(22, 14, 'Good explanation on tapstrafe tapstrafe.', '2022-01-23T23:29:38.909Z'),
(3, 8, 'Hey guys, this app is so much better than discord lets use this.', '2022-01-01T23:29:38.909Z'),
(15, 8, 'Whats up guys!', '2021-12-28T23:29:38.909Z'),
(2, 8, 'Hard agree, can you make a memes channel and stuff?', '2022-01-02T23:29:38.909Z'),
(20, 8, 'Done, want a miscellaneous channel too?', '2022-01-02T23:29:38.909Z'),
(1, 8, 'Yup yup', '2022-01-03T23:29:38.909Z'),
(19, 8, 'Hey hey hey!', '2022-01-10T23:29:38.909Z'),
(7, 8, 'Dang, Discord who? Disnode revolution', '2022-01-10T23:29:38.909Z'),
(2, 9, 'With my avatar here, I have initiated the meme channel.', '2022-01-12T23:29:38.909Z'),
(25, 9, 'Hold my beer', '2022-01-15T23:29:38.909Z'),
(23, 9, 'Heh, rookies', '2022-01-15T23:29:38.909Z'),
(18, 9, 'I keep thinking theres a bug running on my screen @smart lad...', '2022-01-23T23:29:38.909Z');



INSERT INTO messages (sender_id, dm_id, body, sent_at)
VALUES
(1, 1, 'Hi Adam', '2021-12-28T23:22:08.022Z'),
(3, 1, 'Hey Hyunsu', '2021-12-28T23:22:15.072Z'),
(2, 2, 'Hey Adam', '2021-12-28T23:20:15.072Z'),
(3, 2, 'Hey Jonathan', '2021-12-28T23:21:15.072Z');

INSERT INTO views (message_id, user_id, viewed_at)
VALUES
(1, 3, '2021-12-28T23:20:30.072Z'),
(1, 5, '2021-12-28T23:20:30.072Z'),
(1, 6, '2021-12-28T23:20:30.072Z'),
(1, 2, '2021-12-28T23:20:30.072Z'),
(1, 22, '2021-12-28T23:20:30.072Z'),
(1, 24, '2021-12-28T23:20:30.072Z'),
(1, 23, '2021-12-28T23:20:30.072Z'),
(1, 25, '2021-12-28T23:20:30.072Z'),
(1, 26, '2021-12-28T23:20:30.072Z'),
(1, 27, '2021-12-28T23:20:30.072Z'),
(1, 28, '2021-12-28T23:20:30.072Z'),
(2, 3, '2021-12-28T23:20:30.072Z'),
(2, 5, '2021-12-28T23:20:30.072Z'),
(2, 6, '2021-12-28T23:20:30.072Z'),
(2, 2, '2021-12-28T23:20:30.072Z'),
(2, 22, '2021-12-28T23:20:30.072Z'),
(2, 24, '2021-12-28T23:20:30.072Z'),
(2, 23, '2021-12-28T23:20:30.072Z'),
(2, 25, '2021-12-28T23:20:30.072Z'),
(2, 26, '2021-12-28T23:20:30.072Z'),
(2, 27, '2021-12-28T23:20:30.072Z'),
(2, 28, '2021-12-28T23:20:30.072Z'),
(3, 24, '2021-12-28T23:20:30.072Z'),
(3, 23, '2021-12-28T23:20:30.072Z'),
(3, 25, '2021-12-28T23:20:30.072Z'),
(3, 26, '2021-12-28T23:20:30.072Z'),
(3, 27, '2021-12-28T23:20:30.072Z'),
(3, 28, '2021-12-28T23:20:30.072Z'),
(5, 28, '2021-12-28T23:20:30.072Z'),
(6, 28, '2021-12-28T23:20:30.072Z'),
(7, 28, '2021-12-28T23:20:30.072Z'),
(8, 27, '2021-12-28T23:20:30.072Z'),
(9, 22, '2021-12-28T23:20:30.072Z'),
(10, 16, '2021-12-28T23:20:30.072Z'),
(10, 1, '2021-12-28T23:20:30.072Z'),
(10, 26, '2021-12-28T23:20:30.072Z'),
(10, 5, '2021-12-28T23:20:30.072Z'),
(10, 24, '2021-12-28T23:20:30.072Z'),
(11, 1, '2021-12-28T23:20:30.072Z'),
(14, 22, '2021-12-28T23:20:30.072Z'),
(14, 23, '2021-12-28T23:20:30.072Z'),
(14, 24, '2021-12-28T23:20:30.072Z'),
(14, 11, '2021-12-28T23:20:30.072Z'),
(17, 26, '2021-12-28T23:20:30.072Z'),
(18, 27, '2021-12-28T23:20:30.072Z'),
(18, 4, '2021-12-28T23:20:30.072Z'),
(18, 23, '2021-12-28T23:20:30.072Z'),
(18, 16, '2021-12-28T23:20:30.072Z'),
(24, 18, '2021-12-28T23:20:30.072Z'),
(25, 2, '2021-12-28T23:20:30.072Z'),
(25, 1, '2021-12-28T23:20:30.072Z'),
(25, 15, '2021-12-28T23:20:30.072Z'),
(25, 19, '2021-12-28T23:20:30.072Z'),
(25, 12, '2021-12-28T23:20:30.072Z'),
(25, 21, '2021-12-28T23:20:30.072Z'),
(25, 22, '2021-12-28T23:20:30.072Z'),
(25, 16, '2021-12-28T23:20:30.072Z'),
(25, 17, '2021-12-28T23:20:30.072Z'),
(25, 11, '2021-12-28T23:20:30.072Z'),
(25, 4, '2021-12-28T23:20:30.072Z'),
(25, 3, '2021-12-28T23:20:30.072Z'),
(25, 6, '2021-12-28T23:20:30.072Z'),
(25, 5, '2021-12-28T23:20:30.072Z'),
(28, 2, '2021-12-28T23:20:30.072Z'),
(28, 3, '2021-12-28T23:20:30.072Z'),
(28, 16, '2021-12-28T23:20:30.072Z'),
(28, 24, '2021-12-28T23:20:30.072Z'),
(28, 25, '2021-12-28T23:20:30.072Z'),
(29, 29, '2021-12-28T23:20:30.072Z'),
(29, 8, '2021-12-28T23:20:30.072Z'),
(21, 24, '2021-12-28T23:20:30.072Z'),
(4, 3, '2021-12-28T23:21:15.072Z');

INSERT INTO friends (user1_id, user2_id)
VALUES (1, 3), (2, 3), (4, 1);

INSERT INTO requests (sender_id, receiver_id, pending)
VALUES (1, 2, true), (3, 4, false), (2, 4, true);

INSERT INTO socials (user_id, icon_id, url)
VALUES
(1, 1, 'https://steam.ca'),
(2, 1, 'https://steamcommunity.com/id/ominousuper'),
(2, 3, 'https://blizzard.ca'),
(2, 5, 'https://riotgames.com'),
(3, 2, 'https://epicgames.com'),
(1, 2, 'https://epicgames.com'),
(1, 3, 'https://blizzard.com'),
(2, 2, 'https://epicgames.com'),
(3, 6, 'https://origin.com');

INSERT INTO server_tags
(server_id, tag_id)
VALUES
(1, 3), (1, 4), (2, 5), (2, 6), (3, 1), (4, 1), (4, 5), (5, 2), (6, 1), (7, 6), (8, 2), (8, 5), (9, 5), (9, 6), (10, 1), (11, 7), (12, 4);


-- 1 - 3 4 
-- 2 - 5 6
-- 3 - 1
-- 4 - 1 5
-- 5 - 2 
-- 6 - 1
-- 7 - 6
-- 8 - 2 5
-- 9 - 5 6
-- 10 - 1
-- 11 - 7
-- 12 - 4
-- 13 - 
-- 14 - 